{"stats":{"minecraft:custom":{"minecraft:jump":68,"minecraft:time_since_rest":28838,"minecraft:damage_taken":70,"minecraft:damage_dealt":86,"minecraft:crouch_one_cm":755,"minecraft:leave_game":2,"minecraft:play_time":28838,"minecraft:sprint_one_cm":20392,"minecraft:time_since_death":28838,"minecraft:walk_one_cm":50469,"minecraft:sneak_time":116,"minecraft:total_world_time":28838,"minecraft:fly_one_cm":128159,"minecraft:damage_dealt_resisted":29},"minecraft:used":{"minecraft:torch":8}},"DataVersion":3465}